id,internalName,type1,type2,baseHP,baseAttack,baseDefense,baseSpAttack,baseSpDefense,baseSpeed,catchRate,expYield,itemCommon,itemRare,ability1,ability2
1,BULBASAUR,TYPE_WATER,TYPE_WATER,10,10,10,10,10,10,225,225,ITEM_NONE,ITEM_NONE,ABILITY_NONE,ABILITY_NONE
2,IVYSAUR,TYPE_WATER,TYPE_WATER,10,10,10,10,10,10,225,225,ITEM_NONE,ITEM_NONE,ABILITY_NONE,ABILITY_NONE
3,VENUSAUR,TYPE_WATER,TYPE_WATER,10,10,10,10,10,10,225,225,ITEM_NONE,ITEM_NONE,ABILITY_NONE,ABILITY_NONE
4,CHARMANDER,TYPE_WATER,TYPE_WATER,10,10,10,10,10,10,225,225,ITEM_NONE,ITEM_NONE,ABILITY_NONE,ABILITY_NONE
5,CHARMELEON,TYPE_WATER,TYPE_WATER,10,10,10,10,10,10,225,225,ITEM_NONE,ITEM_NONE,ABILITY_NONE,ABILITY_NONE
6,CHARIZARD,TYPE_WATER,TYPE_WATER,10,10,10,10,10,10,225,225,ITEM_NONE,ITEM_NONE,ABILITY_NONE,ABILITY_NONE
7,SQUIRTLE,TYPE_WATER,TYPE_WATER,10,10,10,10,10,10,225,225,ITEM_NONE,ITEM_NONE,ABILITY_NONE,ABILITY_NONE
8,WARTORTLE,TYPE_WATER,TYPE_WATER,10,10,10,10,10,10,225,225,ITEM_NONE,ITEM_NONE,ABILITY_NONE,ABILITY_NONE
9,BLASTOISE,TYPE_WATER,TYPE_WATER,10,10,10,10,10,10,225,225,ITEM_NONE,ITEM_NONE,ABILITY_NONE,ABILITY_NONE
10,CATERPIE,TYPE_WATER,TYPE_WATER,10,10,10,10,10,10,225,225,ITEM_NONE,ITEM_NONE,ABILITY_NONE,ABILITY_NONE
11,METAPOD,TYPE_WATER,TYPE_WATER,10,10,10,10,10,10,225,225,ITEM_NONE,ITEM_NONE,ABILITY_NONE,ABILITY_NONE
12,BUTTERFREE,TYPE_WATER,TYPE_WATER,10,10,10,10,10,10,225,225,ITEM_NONE,ITEM_NONE,ABILITY_NONE,ABILITY_NONE
13,WEEDLE,TYPE_WATER,TYPE_WATER,10,10,10,10,10,10,225,225,ITEM_NONE,ITEM_NONE,ABILITY_NONE,ABILITY_NONE
14,KAKUNA,TYPE_WATER,TYPE_WATER,10,10,10,10,10,10,225,225,ITEM_NONE,ITEM_NONE,ABILITY_NONE,ABILITY_NONE
15,BEEDRILL,TYPE_WATER,TYPE_WATER,10,10,10,10,10,10,225,225,ITEM_NONE,ITEM_NONE,ABILITY_NONE,ABILITY_NONE
16,PIDGEY,TYPE_WATER,TYPE_WATER,10,10,10,10,10,10,225,225,ITEM_NONE,ITEM_NONE,ABILITY_NONE,ABILITY_NONE
17,PIDGEOTTO,TYPE_WATER,TYPE_WATER,10,10,10,10,10,10,225,225,ITEM_NONE,ITEM_NONE,ABILITY_NONE,ABILITY_NONE
18,PIDGEOT,TYPE_WATER,TYPE_WATER,10,10,10,10,10,10,225,225,ITEM_NONE,ITEM_NONE,ABILITY_NONE,ABILITY_NONE
19,RATTATA,TYPE_WATER,TYPE_WATER,10,10,10,10,10,10,225,225,ITEM_NONE,ITEM_NONE,ABILITY_NONE,ABILITY_NONE
20,RATICATE,TYPE_WATER,TYPE_WATER,10,10,10,10,10,10,225,225,ITEM_NONE,ITEM_NONE,ABILITY_NONE,ABILITY_NONE
21,SPEAROW,TYPE_WATER,TYPE_WATER,10,10,10,10,10,10,225,225,ITEM_NONE,ITEM_NONE,ABILITY_NONE,ABILITY_NONE
22,FEAROW,TYPE_WATER,TYPE_WATER,10,10,10,10,10,10,225,225,ITEM_NONE,ITEM_NONE,ABILITY_NONE,ABILITY_NONE
23,EKANS,TYPE_WATER,TYPE_WATER,10,10,10,10,10,10,225,225,ITEM_NONE,ITEM_NONE,ABILITY_NONE,ABILITY_NONE
24,ARBOK,TYPE_WATER,TYPE_WATER,10,10,10,10,10,10,225,225,ITEM_NONE,ITEM_NONE,ABILITY_NONE,ABILITY_NONE
25,PIKACHU,TYPE_WATER,TYPE_WATER,10,10,10,10,10,10,225,225,ITEM_NONE,ITEM_NONE,ABILITY_NONE,ABILITY_NONE
26,RAICHU,TYPE_WATER,TYPE_WATER,10,10,10,10,10,10,225,225,ITEM_NONE,ITEM_NONE,ABILITY_NONE,ABILITY_NONE
27,SANDSHREW,TYPE_WATER,TYPE_WATER,10,10,10,10,10,10,225,225,ITEM_NONE,ITEM_NONE,ABILITY_NONE,ABILITY_NONE
28,SANDSLASH,TYPE_WATER,TYPE_WATER,10,10,10,10,10,10,225,225,ITEM_NONE,ITEM_NONE,ABILITY_NONE,ABILITY_NONE
29,NIDORAN_F,TYPE_WATER,TYPE_WATER,10,10,10,10,10,10,225,225,ITEM_NONE,ITEM_NONE,ABILITY_NONE,ABILITY_NONE
30,NIDORINA,TYPE_WATER,TYPE_WATER,10,10,10,10,10,10,225,225,ITEM_NONE,ITEM_NONE,ABILITY_NONE,ABILITY_NONE
31,NIDOQUEEN,TYPE_WATER,TYPE_WATER,10,10,10,10,10,10,225,225,ITEM_NONE,ITEM_NONE,ABILITY_NONE,ABILITY_NONE
32,NIDORAN_M,TYPE_WATER,TYPE_WATER,10,10,10,10,10,10,225,225,ITEM_NONE,ITEM_NONE,ABILITY_NONE,ABILITY_NONE
33,NIDORINO,TYPE_WATER,TYPE_WATER,10,10,10,10,10,10,225,225,ITEM_NONE,ITEM_NONE,ABILITY_NONE,ABILITY_NONE
34,NIDOKING,TYPE_WATER,TYPE_WATER,10,10,10,10,10,10,225,225,ITEM_NONE,ITEM_NONE,ABILITY_NONE,ABILITY_NONE
35,CLEFAIRY,TYPE_WATER,TYPE_WATER,10,10,10,10,10,10,225,225,ITEM_NONE,ITEM_NONE,ABILITY_NONE,ABILITY_NONE
36,CLEFABLE,TYPE_WATER,TYPE_WATER,10,10,10,10,10,10,225,225,ITEM_NONE,ITEM_NONE,ABILITY_NONE,ABILITY_NONE
37,VULPIX,TYPE_WATER,TYPE_WATER,10,10,10,10,10,10,225,225,ITEM_NONE,ITEM_NONE,ABILITY_NONE,ABILITY_NONE
38,NINETALES,TYPE_WATER,TYPE_WATER,10,10,10,10,10,10,225,225,ITEM_NONE,ITEM_NONE,ABILITY_NONE,ABILITY_NONE
39,JIGGLYPUFF,TYPE_WATER,TYPE_WATER,10,10,10,10,10,10,225,225,ITEM_NONE,ITEM_NONE,ABILITY_NONE,ABILITY_NONE
40,WIGGLYTUFF,TYPE_WATER,TYPE_WATER,10,10,10,10,10,10,225,225,ITEM_NONE,ITEM_NONE,ABILITY_NONE,ABILITY_NONE
41,ZUBAT,TYPE_WATER,TYPE_WATER,10,10,10,10,10,10,225,225,ITEM_NONE,ITEM_NONE,ABILITY_NONE,ABILITY_NONE
42,GOLBAT,TYPE_WATER,TYPE_WATER,10,10,10,10,10,10,225,225,ITEM_NONE,ITEM_NONE,ABILITY_NONE,ABILITY_NONE
43,ODDISH,TYPE_WATER,TYPE_WATER,10,10,10,10,10,10,225,225,ITEM_NONE,ITEM_NONE,ABILITY_NONE,ABILITY_NONE
44,GLOOM,TYPE_WATER,TYPE_WATER,10,10,10,10,10,10,225,225,ITEM_NONE,ITEM_NONE,ABILITY_NONE,ABILITY_NONE
45,VILEPLUME,TYPE_WATER,TYPE_WATER,10,10,10,10,10,10,225,225,ITEM_NONE,ITEM_NONE,ABILITY_NONE,ABILITY_NONE
46,PARAS,TYPE_WATER,TYPE_WATER,10,10,10,10,10,10,225,225,ITEM_NONE,ITEM_NONE,ABILITY_NONE,ABILITY_NONE
47,PARASECT,TYPE_WATER,TYPE_WATER,10,10,10,10,10,10,225,225,ITEM_NONE,ITEM_NONE,ABILITY_NONE,ABILITY_NONE
48,VENONAT,TYPE_WATER,TYPE_WATER,10,10,10,10,10,10,225,225,ITEM_NONE,ITEM_NONE,ABILITY_NONE,ABILITY_NONE
49,VENOMOTH,TYPE_WATER,TYPE_WATER,10,10,10,10,10,10,225,225,ITEM_NONE,ITEM_NONE,ABILITY_NONE,ABILITY_NONE
50,DIGLETT,TYPE_WATER,TYPE_WATER,10,10,10,10,10,10,225,225,ITEM_NONE,ITEM_NONE,ABILITY_NONE,ABILITY_NONE
51,DUGTRIO,TYPE_WATER,TYPE_WATER,10,10,10,10,10,10,225,225,ITEM_NONE,ITEM_NONE,ABILITY_NONE,ABILITY_NONE
52,MEOWTH,TYPE_WATER,TYPE_WATER,10,10,10,10,10,10,225,225,ITEM_NONE,ITEM_NONE,ABILITY_NONE,ABILITY_NONE
53,PERSIAN,TYPE_WATER,TYPE_WATER,10,10,10,10,10,10,225,225,ITEM_NONE,ITEM_NONE,ABILITY_NONE,ABILITY_NONE
54,PSYDUCK,TYPE_WATER,TYPE_WATER,10,10,10,10,10,10,225,225,ITEM_NONE,ITEM_NONE,ABILITY_NONE,ABILITY_NONE
55,GOLDUCK,TYPE_WATER,TYPE_WATER,10,10,10,10,10,10,225,225,ITEM_NONE,ITEM_NONE,ABILITY_NONE,ABILITY_NONE
56,MANKEY,TYPE_WATER,TYPE_WATER,10,10,10,10,10,10,225,225,ITEM_NONE,ITEM_NONE,ABILITY_NONE,ABILITY_NONE
57,PRIMEAPE,TYPE_WATER,TYPE_WATER,10,10,10,10,10,10,225,225,ITEM_NONE,ITEM_NONE,ABILITY_NONE,ABILITY_NONE
58,GROWLITHE,TYPE_WATER,TYPE_WATER,10,10,10,10,10,10,225,225,ITEM_NONE,ITEM_NONE,ABILITY_NONE,ABILITY_NONE
59,ARCANINE,TYPE_WATER,TYPE_WATER,10,10,10,10,10,10,225,225,ITEM_NONE,ITEM_NONE,ABILITY_NONE,ABILITY_NONE
60,POLIWAG,TYPE_WATER,TYPE_WATER,10,10,10,10,10,10,225,225,ITEM_NONE,ITEM_NONE,ABILITY_NONE,ABILITY_NONE
61,POLIWHIRL,TYPE_WATER,TYPE_WATER,10,10,10,10,10,10,225,225,ITEM_NONE,ITEM_NONE,ABILITY_NONE,ABILITY_NONE
62,POLIWRATH,TYPE_WATER,TYPE_WATER,10,10,10,10,10,10,225,225,ITEM_NONE,ITEM_NONE,ABILITY_NONE,ABILITY_NONE
63,ABRA,TYPE_WATER,TYPE_WATER,10,10,10,10,10,10,225,225,ITEM_NONE,ITEM_NONE,ABILITY_NONE,ABILITY_NONE
64,KADABRA,TYPE_WATER,TYPE_WATER,10,10,10,10,10,10,225,225,ITEM_NONE,ITEM_NONE,ABILITY_NONE,ABILITY_NONE
65,ALAKAZAM,TYPE_WATER,TYPE_WATER,10,10,10,10,10,10,225,225,ITEM_NONE,ITEM_NONE,ABILITY_NONE,ABILITY_NONE
66,MACHOP,TYPE_WATER,TYPE_WATER,10,10,10,10,10,10,225,225,ITEM_NONE,ITEM_NONE,ABILITY_NONE,ABILITY_NONE
67,MACHOKE,TYPE_WATER,TYPE_WATER,10,10,10,10,10,10,225,225,ITEM_NONE,ITEM_NONE,ABILITY_NONE,ABILITY_NONE
68,MACHAMP,TYPE_WATER,TYPE_WATER,10,10,10,10,10,10,225,225,ITEM_NONE,ITEM_NONE,ABILITY_NONE,ABILITY_NONE
69,BELLSPROUT,TYPE_WATER,TYPE_WATER,10,10,10,10,10,10,225,225,ITEM_NONE,ITEM_NONE,ABILITY_NONE,ABILITY_NONE
70,WEEPINBELL,TYPE_WATER,TYPE_WATER,10,10,10,10,10,10,225,225,ITEM_NONE,ITEM_NONE,ABILITY_NONE,ABILITY_NONE
71,VICTREEBEL,TYPE_WATER,TYPE_WATER,10,10,10,10,10,10,225,225,ITEM_NONE,ITEM_NONE,ABILITY_NONE,ABILITY_NONE
72,TENTACOOL,TYPE_WATER,TYPE_WATER,10,10,10,10,10,10,225,225,ITEM_NONE,ITEM_NONE,ABILITY_NONE,ABILITY_NONE
73,TENTACRUEL,TYPE_WATER,TYPE_WATER,10,10,10,10,10,10,225,225,ITEM_NONE,ITEM_NONE,ABILITY_NONE,ABILITY_NONE
74,GEODUDE,TYPE_WATER,TYPE_WATER,10,10,10,10,10,10,225,225,ITEM_NONE,ITEM_NONE,ABILITY_NONE,ABILITY_NONE
75,GRAVELER,TYPE_WATER,TYPE_WATER,10,10,10,10,10,10,225,225,ITEM_NONE,ITEM_NONE,ABILITY_NONE,ABILITY_NONE
76,GOLEM,TYPE_WATER,TYPE_WATER,10,10,10,10,10,10,225,225,ITEM_NONE,ITEM_NONE,ABILITY_NONE,ABILITY_NONE
77,PONYTA,TYPE_WATER,TYPE_WATER,10,10,10,10,10,10,225,225,ITEM_NONE,ITEM_NONE,ABILITY_NONE,ABILITY_NONE
78,RAPIDASH,TYPE_WATER,TYPE_WATER,10,10,10,10,10,10,225,225,ITEM_NONE,ITEM_NONE,ABILITY_NONE,ABILITY_NONE
79,SLOWPOKE,TYPE_WATER,TYPE_WATER,10,10,10,10,10,10,225,225,ITEM_NONE,ITEM_NONE,ABILITY_NONE,ABILITY_NONE
80,SLOWBRO,TYPE_WATER,TYPE_WATER,10,10,10,10,10,10,225,225,ITEM_NONE,ITEM_NONE,ABILITY_NONE,ABILITY_NONE
81,MAGNEMITE,TYPE_WATER,TYPE_WATER,10,10,10,10,10,10,225,225,ITEM_NONE,ITEM_NONE,ABILITY_NONE,ABILITY_NONE
82,MAGNETON,TYPE_WATER,TYPE_WATER,10,10,10,10,10,10,225,225,ITEM_NONE,ITEM_NONE,ABILITY_NONE,ABILITY_NONE
83,FARFETCHD,TYPE_WATER,TYPE_WATER,10,10,10,10,10,10,225,225,ITEM_NONE,ITEM_NONE,ABILITY_NONE,ABILITY_NONE
84,DODUO,TYPE_WATER,TYPE_WATER,10,10,10,10,10,10,225,225,ITEM_NONE,ITEM_NONE,ABILITY_NONE,ABILITY_NONE
85,DODRIO,TYPE_WATER,TYPE_WATER,10,10,10,10,10,10,225,225,ITEM_NONE,ITEM_NONE,ABILITY_NONE,ABILITY_NONE
86,SEEL,TYPE_WATER,TYPE_WATER,10,10,10,10,10,10,225,225,ITEM_NONE,ITEM_NONE,ABILITY_NONE,ABILITY_NONE
87,DEWGONG,TYPE_WATER,TYPE_WATER,10,10,10,10,10,10,225,225,ITEM_NONE,ITEM_NONE,ABILITY_NONE,ABILITY_NONE
88,GRIMER,TYPE_WATER,TYPE_WATER,10,10,10,10,10,10,225,225,ITEM_NONE,ITEM_NONE,ABILITY_NONE,ABILITY_NONE
89,MUK,TYPE_WATER,TYPE_WATER,10,10,10,10,10,10,225,225,ITEM_NONE,ITEM_NONE,ABILITY_NONE,ABILITY_NONE
90,SHELLDER,TYPE_WATER,TYPE_WATER,10,10,10,10,10,10,225,225,ITEM_NONE,ITEM_NONE,ABILITY_NONE,ABILITY_NONE
91,CLOYSTER,TYPE_WATER,TYPE_WATER,10,10,10,10,10,10,225,225,ITEM_NONE,ITEM_NONE,ABILITY_NONE,ABILITY_NONE
92,GASTLY,TYPE_WATER,TYPE_WATER,10,10,10,10,10,10,225,225,ITEM_NONE,ITEM_NONE,ABILITY_NONE,ABILITY_NONE
93,HAUNTER,TYPE_WATER,TYPE_WATER,10,10,10,10,10,10,225,225,ITEM_NONE,ITEM_NONE,ABILITY_NONE,ABILITY_NONE
94,GENGAR,TYPE_WATER,TYPE_WATER,10,10,10,10,10,10,225,225,ITEM_NONE,ITEM_NONE,ABILITY_NONE,ABILITY_NONE
95,ONIX,TYPE_WATER,TYPE_WATER,10,10,10,10,10,10,225,225,ITEM_NONE,ITEM_NONE,ABILITY_NONE,ABILITY_NONE
96,DROWZEE,TYPE_WATER,TYPE_WATER,10,10,10,10,10,10,225,225,ITEM_NONE,ITEM_NONE,ABILITY_NONE,ABILITY_NONE
97,HYPNO,TYPE_WATER,TYPE_WATER,10,10,10,10,10,10,225,225,ITEM_NONE,ITEM_NONE,ABILITY_NONE,ABILITY_NONE
98,KRABBY,TYPE_WATER,TYPE_WATER,10,10,10,10,10,10,225,225,ITEM_NONE,ITEM_NONE,ABILITY_NONE,ABILITY_NONE
99,KINGLER,TYPE_WATER,TYPE_WATER,10,10,10,10,10,10,225,225,ITEM_NONE,ITEM_NONE,ABILITY_NONE,ABILITY_NONE
100,VOLTORB,TYPE_WATER,TYPE_WATER,10,10,10,10,10,10,225,225,ITEM_NONE,ITEM_NONE,ABILITY_NONE,ABILITY_NONE
101,ELECTRODE,TYPE_WATER,TYPE_WATER,10,10,10,10,10,10,225,225,ITEM_NONE,ITEM_NONE,ABILITY_NONE,ABILITY_NONE
102,EXEGGCUTE,TYPE_WATER,TYPE_WATER,10,10,10,10,10,10,225,225,ITEM_NONE,ITEM_NONE,ABILITY_NONE,ABILITY_NONE
103,EXEGGUTOR,TYPE_WATER,TYPE_WATER,10,10,10,10,10,10,225,225,ITEM_NONE,ITEM_NONE,ABILITY_NONE,ABILITY_NONE
104,CUBONE,TYPE_WATER,TYPE_WATER,10,10,10,10,10,10,225,225,ITEM_NONE,ITEM_NONE,ABILITY_NONE,ABILITY_NONE
105,MAROWAK,TYPE_WATER,TYPE_WATER,10,10,10,10,10,10,225,225,ITEM_NONE,ITEM_NONE,ABILITY_NONE,ABILITY_NONE
106,HITMONLEE,TYPE_WATER,TYPE_WATER,10,10,10,10,10,10,225,225,ITEM_NONE,ITEM_NONE,ABILITY_NONE,ABILITY_NONE
107,HITMONCHAN,TYPE_WATER,TYPE_WATER,10,10,10,10,10,10,225,225,ITEM_NONE,ITEM_NONE,ABILITY_NONE,ABILITY_NONE
108,LICKITUNG,TYPE_WATER,TYPE_WATER,10,10,10,10,10,10,225,225,ITEM_NONE,ITEM_NONE,ABILITY_NONE,ABILITY_NONE
109,KOFFING,TYPE_WATER,TYPE_WATER,10,10,10,10,10,10,225,225,ITEM_NONE,ITEM_NONE,ABILITY_NONE,ABILITY_NONE
110,WEEZING,TYPE_WATER,TYPE_WATER,10,10,10,10,10,10,225,225,ITEM_NONE,ITEM_NONE,ABILITY_NONE,ABILITY_NONE
111,RHYHORN,TYPE_WATER,TYPE_WATER,10,10,10,10,10,10,225,225,ITEM_NONE,ITEM_NONE,ABILITY_NONE,ABILITY_NONE
112,RHYDON,TYPE_WATER,TYPE_WATER,10,10,10,10,10,10,225,225,ITEM_NONE,ITEM_NONE,ABILITY_NONE,ABILITY_NONE
113,CHANSEY,TYPE_WATER,TYPE_WATER,10,10,10,10,10,10,225,225,ITEM_NONE,ITEM_NONE,ABILITY_NONE,ABILITY_NONE
114,TANGELA,TYPE_WATER,TYPE_WATER,10,10,10,10,10,10,225,225,ITEM_NONE,ITEM_NONE,ABILITY_NONE,ABILITY_NONE
115,KANGASKHAN,TYPE_WATER,TYPE_WATER,10,10,10,10,10,10,225,225,ITEM_NONE,ITEM_NONE,ABILITY_NONE,ABILITY_NONE
116,HORSEA,TYPE_WATER,TYPE_WATER,10,10,10,10,10,10,225,225,ITEM_NONE,ITEM_NONE,ABILITY_NONE,ABILITY_NONE
117,SEADRA,TYPE_WATER,TYPE_WATER,10,10,10,10,10,10,225,225,ITEM_NONE,ITEM_NONE,ABILITY_NONE,ABILITY_NONE
118,GOLDEEN,TYPE_WATER,TYPE_WATER,10,10,10,10,10,10,225,225,ITEM_NONE,ITEM_NONE,ABILITY_NONE,ABILITY_NONE
119,SEAKING,TYPE_WATER,TYPE_WATER,10,10,10,10,10,10,225,225,ITEM_NONE,ITEM_NONE,ABILITY_NONE,ABILITY_NONE
120,STARYU,TYPE_WATER,TYPE_WATER,10,10,10,10,10,10,225,225,ITEM_NONE,ITEM_NONE,ABILITY_NONE,ABILITY_NONE
121,STARMIE,TYPE_WATER,TYPE_WATER,10,10,10,10,10,10,225,225,ITEM_NONE,ITEM_NONE,ABILITY_NONE,ABILITY_NONE
122,MR_MIME,TYPE_WATER,TYPE_WATER,10,10,10,10,10,10,225,225,ITEM_NONE,ITEM_NONE,ABILITY_NONE,ABILITY_NONE
123,SCYTHER,TYPE_WATER,TYPE_WATER,10,10,10,10,10,10,225,225,ITEM_NONE,ITEM_NONE,ABILITY_NONE,ABILITY_NONE
124,JYNX,TYPE_WATER,TYPE_WATER,10,10,10,10,10,10,225,225,ITEM_NONE,ITEM_NONE,ABILITY_NONE,ABILITY_NONE
125,ELECTABUZZ,TYPE_WATER,TYPE_WATER,10,10,10,10,10,10,225,225,ITEM_NONE,ITEM_NONE,ABILITY_NONE,ABILITY_NONE
126,MAGMAR,TYPE_WATER,TYPE_WATER,10,10,10,10,10,10,225,225,ITEM_NONE,ITEM_NONE,ABILITY_NONE,ABILITY_NONE
127,PINSIR,TYPE_WATER,TYPE_WATER,10,10,10,10,10,10,225,225,ITEM_NONE,ITEM_NONE,ABILITY_NONE,ABILITY_NONE
128,TAUROS,TYPE_WATER,TYPE_WATER,10,10,10,10,10,10,225,225,ITEM_NONE,ITEM_NONE,ABILITY_NONE,ABILITY_NONE
129,MAGIKARP,TYPE_WATER,TYPE_WATER,10,10,10,10,10,10,225,225,ITEM_NONE,ITEM_NONE,ABILITY_NONE,ABILITY_NONE
130,GYARADOS,TYPE_WATER,TYPE_WATER,10,10,10,10,10,10,225,225,ITEM_NONE,ITEM_NONE,ABILITY_NONE,ABILITY_NONE
131,LAPRAS,TYPE_WATER,TYPE_WATER,10,10,10,10,10,10,225,225,ITEM_NONE,ITEM_NONE,ABILITY_NONE,ABILITY_NONE
132,DITTO,TYPE_WATER,TYPE_WATER,10,10,10,10,10,10,225,225,ITEM_NONE,ITEM_NONE,ABILITY_NONE,ABILITY_NONE
133,EEVEE,TYPE_WATER,TYPE_WATER,10,10,10,10,10,10,225,225,ITEM_NONE,ITEM_NONE,ABILITY_NONE,ABILITY_NONE
134,VAPOREON,TYPE_WATER,TYPE_WATER,10,10,10,10,10,10,225,225,ITEM_NONE,ITEM_NONE,ABILITY_NONE,ABILITY_NONE
135,JOLTEON,TYPE_WATER,TYPE_WATER,10,10,10,10,10,10,225,225,ITEM_NONE,ITEM_NONE,ABILITY_NONE,ABILITY_NONE
136,FLAREON,TYPE_WATER,TYPE_WATER,10,10,10,10,10,10,225,225,ITEM_NONE,ITEM_NONE,ABILITY_NONE,ABILITY_NONE
137,PORYGON,TYPE_WATER,TYPE_WATER,10,10,10,10,10,10,225,225,ITEM_NONE,ITEM_NONE,ABILITY_NONE,ABILITY_NONE
138,OMANYTE,TYPE_WATER,TYPE_WATER,10,10,10,10,10,10,225,225,ITEM_NONE,ITEM_NONE,ABILITY_NONE,ABILITY_NONE
139,OMASTAR,TYPE_WATER,TYPE_WATER,10,10,10,10,10,10,225,225,ITEM_NONE,ITEM_NONE,ABILITY_NONE,ABILITY_NONE
140,KABUTO,TYPE_WATER,TYPE_WATER,10,10,10,10,10,10,225,225,ITEM_NONE,ITEM_NONE,ABILITY_NONE,ABILITY_NONE
141,KABUTOPS,TYPE_WATER,TYPE_WATER,10,10,10,10,10,10,225,225,ITEM_NONE,ITEM_NONE,ABILITY_NONE,ABILITY_NONE
142,AERODACTYL,TYPE_WATER,TYPE_WATER,10,10,10,10,10,10,225,225,ITEM_NONE,ITEM_NONE,ABILITY_NONE,ABILITY_NONE
143,SNORLAX,TYPE_WATER,TYPE_WATER,10,10,10,10,10,10,225,225,ITEM_NONE,ITEM_NONE,ABILITY_NONE,ABILITY_NONE
144,ARTICUNO,TYPE_WATER,TYPE_WATER,10,10,10,10,10,10,225,225,ITEM_NONE,ITEM_NONE,ABILITY_NONE,ABILITY_NONE
145,ZAPDOS,TYPE_WATER,TYPE_WATER,10,10,10,10,10,10,225,225,ITEM_NONE,ITEM_NONE,ABILITY_NONE,ABILITY_NONE
146,MOLTRES,TYPE_WATER,TYPE_WATER,10,10,10,10,10,10,225,225,ITEM_NONE,ITEM_NONE,ABILITY_NONE,ABILITY_NONE
147,DRATINI,TYPE_WATER,TYPE_WATER,10,10,10,10,10,10,225,225,ITEM_NONE,ITEM_NONE,ABILITY_NONE,ABILITY_NONE
148,DRAGONAIR,TYPE_WATER,TYPE_WATER,10,10,10,10,10,10,225,225,ITEM_NONE,ITEM_NONE,ABILITY_NONE,ABILITY_NONE
149,DRAGONITE,TYPE_WATER,TYPE_WATER,10,10,10,10,10,10,225,225,ITEM_NONE,ITEM_NONE,ABILITY_NONE,ABILITY_NONE
150,MEWTWO,TYPE_WATER,TYPE_WATER,10,10,10,10,10,10,225,225,ITEM_NONE,ITEM_NONE,ABILITY_NONE,ABILITY_NONE
151,MEW,TYPE_WATER,TYPE_WATER,10,10,10,10,10,10,225,225,ITEM_NONE,ITEM_NONE,ABILITY_NONE,ABILITY_NONE
152,CHIKORITA,TYPE_WATER,TYPE_WATER,10,10,10,10,10,10,225,225,ITEM_NONE,ITEM_NONE,ABILITY_NONE,ABILITY_NONE
153,BAYLEEF,TYPE_WATER,TYPE_WATER,10,10,10,10,10,10,225,225,ITEM_NONE,ITEM_NONE,ABILITY_NONE,ABILITY_NONE
154,MEGANIUM,TYPE_WATER,TYPE_WATER,10,10,10,10,10,10,225,225,ITEM_NONE,ITEM_NONE,ABILITY_NONE,ABILITY_NONE
155,CYNDAQUIL,TYPE_WATER,TYPE_WATER,10,10,10,10,10,10,225,225,ITEM_NONE,ITEM_NONE,ABILITY_NONE,ABILITY_NONE
156,QUILAVA,TYPE_WATER,TYPE_WATER,10,10,10,10,10,10,225,225,ITEM_NONE,ITEM_NONE,ABILITY_NONE,ABILITY_NONE
157,TYPHLOSION,TYPE_WATER,TYPE_WATER,10,10,10,10,10,10,225,225,ITEM_NONE,ITEM_NONE,ABILITY_NONE,ABILITY_NONE
158,TOTODILE,TYPE_WATER,TYPE_WATER,10,10,10,10,10,10,225,225,ITEM_NONE,ITEM_NONE,ABILITY_NONE,ABILITY_NONE
159,CROCONAW,TYPE_WATER,TYPE_WATER,10,10,10,10,10,10,225,225,ITEM_NONE,ITEM_NONE,ABILITY_NONE,ABILITY_NONE
160,FERALIGATR,TYPE_WATER,TYPE_WATER,10,10,10,10,10,10,225,225,ITEM_NONE,ITEM_NONE,ABILITY_NONE,ABILITY_NONE
161,SENTRET,TYPE_WATER,TYPE_WATER,10,10,10,10,10,10,225,225,ITEM_NONE,ITEM_NONE,ABILITY_NONE,ABILITY_NONE
162,FURRET,TYPE_WATER,TYPE_WATER,10,10,10,10,10,10,225,225,ITEM_NONE,ITEM_NONE,ABILITY_NONE,ABILITY_NONE
163,HOOTHOOT,TYPE_WATER,TYPE_WATER,10,10,10,10,10,10,225,225,ITEM_NONE,ITEM_NONE,ABILITY_NONE,ABILITY_NONE
164,NOCTOWL,TYPE_WATER,TYPE_WATER,10,10,10,10,10,10,225,225,ITEM_NONE,ITEM_NONE,ABILITY_NONE,ABILITY_NONE
165,LEDYBA,TYPE_WATER,TYPE_WATER,10,10,10,10,10,10,225,225,ITEM_NONE,ITEM_NONE,ABILITY_NONE,ABILITY_NONE
166,LEDIAN,TYPE_WATER,TYPE_WATER,10,10,10,10,10,10,225,225,ITEM_NONE,ITEM_NONE,ABILITY_NONE,ABILITY_NONE
167,SPINARAK,TYPE_WATER,TYPE_WATER,10,10,10,10,10,10,225,225,ITEM_NONE,ITEM_NONE,ABILITY_NONE,ABILITY_NONE
168,ARIADOS,TYPE_WATER,TYPE_WATER,10,10,10,10,10,10,225,225,ITEM_NONE,ITEM_NONE,ABILITY_NONE,ABILITY_NONE
169,CROBAT,TYPE_WATER,TYPE_WATER,10,10,10,10,10,10,225,225,ITEM_NONE,ITEM_NONE,ABILITY_NONE,ABILITY_NONE
170,CHINCHOU,TYPE_WATER,TYPE_WATER,10,10,10,10,10,10,225,225,ITEM_NONE,ITEM_NONE,ABILITY_NONE,ABILITY_NONE
171,LANTURN,TYPE_WATER,TYPE_WATER,10,10,10,10,10,10,225,225,ITEM_NONE,ITEM_NONE,ABILITY_NONE,ABILITY_NONE
172,PICHU,TYPE_WATER,TYPE_WATER,10,10,10,10,10,10,225,225,ITEM_NONE,ITEM_NONE,ABILITY_NONE,ABILITY_NONE
173,CLEFFA,TYPE_WATER,TYPE_WATER,10,10,10,10,10,10,225,225,ITEM_NONE,ITEM_NONE,ABILITY_NONE,ABILITY_NONE
174,IGGLYBUFF,TYPE_WATER,TYPE_WATER,10,10,10,10,10,10,225,225,ITEM_NONE,ITEM_NONE,ABILITY_NONE,ABILITY_NONE
175,TOGEPI,TYPE_WATER,TYPE_WATER,10,10,10,10,10,10,225,225,ITEM_NONE,ITEM_NONE,ABILITY_NONE,ABILITY_NONE
176,TOGETIC,TYPE_WATER,TYPE_WATER,10,10,10,10,10,10,225,225,ITEM_NONE,ITEM_NONE,ABILITY_NONE,ABILITY_NONE
177,NATU,TYPE_WATER,TYPE_WATER,10,10,10,10,10,10,225,225,ITEM_NONE,ITEM_NONE,ABILITY_NONE,ABILITY_NONE
178,XATU,TYPE_WATER,TYPE_WATER,10,10,10,10,10,10,225,225,ITEM_NONE,ITEM_NONE,ABILITY_NONE,ABILITY_NONE
179,MAREEP,TYPE_WATER,TYPE_WATER,10,10,10,10,10,10,225,225,ITEM_NONE,ITEM_NONE,ABILITY_NONE,ABILITY_NONE
180,FLAAFFY,TYPE_WATER,TYPE_WATER,10,10,10,10,10,10,225,225,ITEM_NONE,ITEM_NONE,ABILITY_NONE,ABILITY_NONE
181,AMPHAROS,TYPE_WATER,TYPE_WATER,10,10,10,10,10,10,225,225,ITEM_NONE,ITEM_NONE,ABILITY_NONE,ABILITY_NONE
182,BELLOSSOM,TYPE_WATER,TYPE_WATER,10,10,10,10,10,10,225,225,ITEM_NONE,ITEM_NONE,ABILITY_NONE,ABILITY_NONE
183,MARILL,TYPE_WATER,TYPE_WATER,10,10,10,10,10,10,225,225,ITEM_NONE,ITEM_NONE,ABILITY_NONE,ABILITY_NONE
184,AZUMARILL,TYPE_WATER,TYPE_WATER,10,10,10,10,10,10,225,225,ITEM_NONE,ITEM_NONE,ABILITY_NONE,ABILITY_NONE
185,SUDOWOODO,TYPE_WATER,TYPE_WATER,10,10,10,10,10,10,225,225,ITEM_NONE,ITEM_NONE,ABILITY_NONE,ABILITY_NONE
186,POLITOED,TYPE_WATER,TYPE_WATER,10,10,10,10,10,10,225,225,ITEM_NONE,ITEM_NONE,ABILITY_NONE,ABILITY_NONE
187,HOPPIP,TYPE_WATER,TYPE_WATER,10,10,10,10,10,10,225,225,ITEM_NONE,ITEM_NONE,ABILITY_NONE,ABILITY_NONE
188,SKIPLOOM,TYPE_WATER,TYPE_WATER,10,10,10,10,10,10,225,225,ITEM_NONE,ITEM_NONE,ABILITY_NONE,ABILITY_NONE
189,JUMPLUFF,TYPE_WATER,TYPE_WATER,10,10,10,10,10,10,225,225,ITEM_NONE,ITEM_NONE,ABILITY_NONE,ABILITY_NONE
190,AIPOM,TYPE_WATER,TYPE_WATER,10,10,10,10,10,10,225,225,ITEM_NONE,ITEM_NONE,ABILITY_NONE,ABILITY_NONE
191,SUNKERN,TYPE_WATER,TYPE_WATER,10,10,10,10,10,10,225,225,ITEM_NONE,ITEM_NONE,ABILITY_NONE,ABILITY_NONE
192,SUNFLORA,TYPE_WATER,TYPE_WATER,10,10,10,10,10,10,225,225,ITEM_NONE,ITEM_NONE,ABILITY_NONE,ABILITY_NONE
193,YANMA,TYPE_WATER,TYPE_WATER,10,10,10,10,10,10,225,225,ITEM_NONE,ITEM_NONE,ABILITY_NONE,ABILITY_NONE
194,WOOPER,TYPE_WATER,TYPE_WATER,10,10,10,10,10,10,225,225,ITEM_NONE,ITEM_NONE,ABILITY_NONE,ABILITY_NONE
195,QUAGSIRE,TYPE_WATER,TYPE_WATER,10,10,10,10,10,10,225,225,ITEM_NONE,ITEM_NONE,ABILITY_NONE,ABILITY_NONE
196,ESPEON,TYPE_WATER,TYPE_WATER,10,10,10,10,10,10,225,225,ITEM_NONE,ITEM_NONE,ABILITY_NONE,ABILITY_NONE
197,UMBREON,TYPE_WATER,TYPE_WATER,10,10,10,10,10,10,225,225,ITEM_NONE,ITEM_NONE,ABILITY_NONE,ABILITY_NONE
198,MURKROW,TYPE_WATER,TYPE_WATER,10,10,10,10,10,10,225,225,ITEM_NONE,ITEM_NONE,ABILITY_NONE,ABILITY_NONE
199,SLOWKING,TYPE_WATER,TYPE_WATER,10,10,10,10,10,10,225,225,ITEM_NONE,ITEM_NONE,ABILITY_NONE,ABILITY_NONE
200,MISDREAVUS,TYPE_WATER,TYPE_WATER,10,10,10,10,10,10,225,225,ITEM_NONE,ITEM_NONE,ABILITY_NONE,ABILITY_NONE
201,UNOWN,TYPE_WATER,TYPE_WATER,10,10,10,10,10,10,225,225,ITEM_NONE,ITEM_NONE,ABILITY_NONE,ABILITY_NONE
202,WOBBUFFET,TYPE_WATER,TYPE_WATER,10,10,10,10,10,10,225,225,ITEM_NONE,ITEM_NONE,ABILITY_NONE,ABILITY_NONE
203,GIRAFARIG,TYPE_WATER,TYPE_WATER,10,10,10,10,10,10,225,225,ITEM_NONE,ITEM_NONE,ABILITY_NONE,ABILITY_NONE
204,PINECO,TYPE_WATER,TYPE_WATER,10,10,10,10,10,10,225,225,ITEM_NONE,ITEM_NONE,ABILITY_NONE,ABILITY_NONE
205,FORRETRESS,TYPE_WATER,TYPE_WATER,10,10,10,10,10,10,225,225,ITEM_NONE,ITEM_NONE,ABILITY_NONE,ABILITY_NONE
206,DUNSPARCE,TYPE_WATER,TYPE_WATER,10,10,10,10,10,10,225,225,ITEM_NONE,ITEM_NONE,ABILITY_NONE,ABILITY_NONE
207,GLIGAR,TYPE_WATER,TYPE_WATER,10,10,10,10,10,10,225,225,ITEM_NONE,ITEM_NONE,ABILITY_NONE,ABILITY_NONE
208,STEELIX,TYPE_WATER,TYPE_WATER,10,10,10,10,10,10,225,225,ITEM_NONE,ITEM_NONE,ABILITY_NONE,ABILITY_NONE
209,SNUBBULL,TYPE_WATER,TYPE_WATER,10,10,10,10,10,10,225,225,ITEM_NONE,ITEM_NONE,ABILITY_NONE,ABILITY_NONE
210,GRANBULL,TYPE_WATER,TYPE_WATER,10,10,10,10,10,10,225,225,ITEM_NONE,ITEM_NONE,ABILITY_NONE,ABILITY_NONE
211,QWILFISH,TYPE_WATER,TYPE_WATER,10,10,10,10,10,10,225,225,ITEM_NONE,ITEM_NONE,ABILITY_NONE,ABILITY_NONE
212,SCIZOR,TYPE_WATER,TYPE_WATER,10,10,10,10,10,10,225,225,ITEM_NONE,ITEM_NONE,ABILITY_NONE,ABILITY_NONE
213,SHUCKLE,TYPE_WATER,TYPE_WATER,10,10,10,10,10,10,225,225,ITEM_NONE,ITEM_NONE,ABILITY_NONE,ABILITY_NONE
214,HERACROSS,TYPE_WATER,TYPE_WATER,10,10,10,10,10,10,225,225,ITEM_NONE,ITEM_NONE,ABILITY_NONE,ABILITY_NONE
215,SNEASEL,TYPE_WATER,TYPE_WATER,10,10,10,10,10,10,225,225,ITEM_NONE,ITEM_NONE,ABILITY_NONE,ABILITY_NONE
216,TEDDIURSA,TYPE_WATER,TYPE_WATER,10,10,10,10,10,10,225,225,ITEM_NONE,ITEM_NONE,ABILITY_NONE,ABILITY_NONE
217,URSARING,TYPE_WATER,TYPE_WATER,10,10,10,10,10,10,225,225,ITEM_NONE,ITEM_NONE,ABILITY_NONE,ABILITY_NONE
218,SLUGMA,TYPE_WATER,TYPE_WATER,10,10,10,10,10,10,225,225,ITEM_NONE,ITEM_NONE,ABILITY_NONE,ABILITY_NONE
219,MAGCARGO,TYPE_WATER,TYPE_WATER,10,10,10,10,10,10,225,225,ITEM_NONE,ITEM_NONE,ABILITY_NONE,ABILITY_NONE
220,SWINUB,TYPE_WATER,TYPE_WATER,10,10,10,10,10,10,225,225,ITEM_NONE,ITEM_NONE,ABILITY_NONE,ABILITY_NONE
221,PILOSWINE,TYPE_WATER,TYPE_WATER,10,10,10,10,10,10,225,225,ITEM_NONE,ITEM_NONE,ABILITY_NONE,ABILITY_NONE
222,CORSOLA,TYPE_WATER,TYPE_WATER,10,10,10,10,10,10,225,225,ITEM_NONE,ITEM_NONE,ABILITY_NONE,ABILITY_NONE
223,REMORAID,TYPE_WATER,TYPE_WATER,10,10,10,10,10,10,225,225,ITEM_NONE,ITEM_NONE,ABILITY_NONE,ABILITY_NONE
224,OCTILLERY,TYPE_WATER,TYPE_WATER,10,10,10,10,10,10,225,225,ITEM_NONE,ITEM_NONE,ABILITY_NONE,ABILITY_NONE
225,DELIBIRD,TYPE_WATER,TYPE_WATER,10,10,10,10,10,10,225,225,ITEM_NONE,ITEM_NONE,ABILITY_NONE,ABILITY_NONE
226,MANTINE,TYPE_WATER,TYPE_WATER,10,10,10,10,10,10,225,225,ITEM_NONE,ITEM_NONE,ABILITY_NONE,ABILITY_NONE
227,SKARMORY,TYPE_WATER,TYPE_WATER,10,10,10,10,10,10,225,225,ITEM_NONE,ITEM_NONE,ABILITY_NONE,ABILITY_NONE
228,HOUNDOUR,TYPE_WATER,TYPE_WATER,10,10,10,10,10,10,225,225,ITEM_NONE,ITEM_NONE,ABILITY_NONE,ABILITY_NONE
229,HOUNDOOM,TYPE_WATER,TYPE_WATER,10,10,10,10,10,10,225,225,ITEM_NONE,ITEM_NONE,ABILITY_NONE,ABILITY_NONE
230,KINGDRA,TYPE_WATER,TYPE_WATER,10,10,10,10,10,10,225,225,ITEM_NONE,ITEM_NONE,ABILITY_NONE,ABILITY_NONE
231,PHANPY,TYPE_WATER,TYPE_WATER,10,10,10,10,10,10,225,225,ITEM_NONE,ITEM_NONE,ABILITY_NONE,ABILITY_NONE
232,DONPHAN,TYPE_WATER,TYPE_WATER,10,10,10,10,10,10,225,225,ITEM_NONE,ITEM_NONE,ABILITY_NONE,ABILITY_NONE
233,PORYGON2,TYPE_WATER,TYPE_WATER,10,10,10,10,10,10,225,225,ITEM_NONE,ITEM_NONE,ABILITY_NONE,ABILITY_NONE
234,STANTLER,TYPE_WATER,TYPE_WATER,10,10,10,10,10,10,225,225,ITEM_NONE,ITEM_NONE,ABILITY_NONE,ABILITY_NONE
235,SMEARGLE,TYPE_WATER,TYPE_WATER,10,10,10,10,10,10,225,225,ITEM_NONE,ITEM_NONE,ABILITY_NONE,ABILITY_NONE
236,TYROGUE,TYPE_WATER,TYPE_WATER,10,10,10,10,10,10,225,225,ITEM_NONE,ITEM_NONE,ABILITY_NONE,ABILITY_NONE
237,HITMONTOP,TYPE_WATER,TYPE_WATER,10,10,10,10,10,10,225,225,ITEM_NONE,ITEM_NONE,ABILITY_NONE,ABILITY_NONE
238,SMOOCHUM,TYPE_WATER,TYPE_WATER,10,10,10,10,10,10,225,225,ITEM_NONE,ITEM_NONE,ABILITY_NONE,ABILITY_NONE
239,ELEKID,TYPE_WATER,TYPE_WATER,10,10,10,10,10,10,225,225,ITEM_NONE,ITEM_NONE,ABILITY_NONE,ABILITY_NONE
240,MAGBY,TYPE_WATER,TYPE_WATER,10,10,10,10,10,10,225,225,ITEM_NONE,ITEM_NONE,ABILITY_NONE,ABILITY_NONE
241,MILTANK,TYPE_WATER,TYPE_WATER,10,10,10,10,10,10,225,225,ITEM_NONE,ITEM_NONE,ABILITY_NONE,ABILITY_NONE
242,BLISSEY,TYPE_WATER,TYPE_WATER,10,10,10,10,10,10,225,225,ITEM_NONE,ITEM_NONE,ABILITY_NONE,ABILITY_NONE
243,RAIKOU,TYPE_WATER,TYPE_WATER,10,10,10,10,10,10,225,225,ITEM_NONE,ITEM_NONE,ABILITY_NONE,ABILITY_NONE
244,ENTEI,TYPE_WATER,TYPE_WATER,10,10,10,10,10,10,225,225,ITEM_NONE,ITEM_NONE,ABILITY_NONE,ABILITY_NONE
245,SUICUNE,TYPE_WATER,TYPE_WATER,10,10,10,10,10,10,225,225,ITEM_NONE,ITEM_NONE,ABILITY_NONE,ABILITY_NONE
246,LARVITAR,TYPE_WATER,TYPE_WATER,10,10,10,10,10,10,225,225,ITEM_NONE,ITEM_NONE,ABILITY_NONE,ABILITY_NONE
247,PUPITAR,TYPE_WATER,TYPE_WATER,10,10,10,10,10,10,225,225,ITEM_NONE,ITEM_NONE,ABILITY_NONE,ABILITY_NONE
248,TYRANITAR,TYPE_WATER,TYPE_WATER,10,10,10,10,10,10,225,225,ITEM_NONE,ITEM_NONE,ABILITY_NONE,ABILITY_NONE
249,LUGIA,TYPE_WATER,TYPE_WATER,10,10,10,10,10,10,225,225,ITEM_NONE,ITEM_NONE,ABILITY_NONE,ABILITY_NONE
250,HO_OH,TYPE_WATER,TYPE_WATER,10,10,10,10,10,10,225,225,ITEM_NONE,ITEM_NONE,ABILITY_NONE,ABILITY_NONE
251,CELEBI,TYPE_WATER,TYPE_WATER,10,10,10,10,10,10,225,225,ITEM_NONE,ITEM_NONE,ABILITY_NONE,ABILITY_NONE
252,OLD_UNOWN_B,TYPE_NORMAL,TYPE_NORMAL,1,1,1,1,1,1,1,1,ITEM_NONE,ITEM_NONE,ABILITY_NONE,ABILITY_NONE
253,OLD_UNOWN_C,TYPE_NORMAL,TYPE_NORMAL,1,1,1,1,1,1,1,1,ITEM_NONE,ITEM_NONE,ABILITY_NONE,ABILITY_NONE
254,OLD_UNOWN_D,TYPE_NORMAL,TYPE_NORMAL,1,1,1,1,1,1,1,1,ITEM_NONE,ITEM_NONE,ABILITY_NONE,ABILITY_NONE
255,OLD_UNOWN_E,TYPE_NORMAL,TYPE_NORMAL,1,1,1,1,1,1,1,1,ITEM_NONE,ITEM_NONE,ABILITY_NONE,ABILITY_NONE
256,OLD_UNOWN_F,TYPE_NORMAL,TYPE_NORMAL,1,1,1,1,1,1,1,1,ITEM_NONE,ITEM_NONE,ABILITY_NONE,ABILITY_NONE
257,OLD_UNOWN_G,TYPE_NORMAL,TYPE_NORMAL,1,1,1,1,1,1,1,1,ITEM_NONE,ITEM_NONE,ABILITY_NONE,ABILITY_NONE
258,OLD_UNOWN_H,TYPE_NORMAL,TYPE_NORMAL,1,1,1,1,1,1,1,1,ITEM_NONE,ITEM_NONE,ABILITY_NONE,ABILITY_NONE
259,OLD_UNOWN_I,TYPE_NORMAL,TYPE_NORMAL,1,1,1,1,1,1,1,1,ITEM_NONE,ITEM_NONE,ABILITY_NONE,ABILITY_NONE
260,OLD_UNOWN_J,TYPE_NORMAL,TYPE_NORMAL,1,1,1,1,1,1,1,1,ITEM_NONE,ITEM_NONE,ABILITY_NONE,ABILITY_NONE
261,OLD_UNOWN_K,TYPE_NORMAL,TYPE_NORMAL,1,1,1,1,1,1,1,1,ITEM_NONE,ITEM_NONE,ABILITY_NONE,ABILITY_NONE
262,OLD_UNOWN_L,TYPE_NORMAL,TYPE_NORMAL,1,1,1,1,1,1,1,1,ITEM_NONE,ITEM_NONE,ABILITY_NONE,ABILITY_NONE
263,OLD_UNOWN_M,TYPE_NORMAL,TYPE_NORMAL,1,1,1,1,1,1,1,1,ITEM_NONE,ITEM_NONE,ABILITY_NONE,ABILITY_NONE
264,OLD_UNOWN_N,TYPE_NORMAL,TYPE_NORMAL,1,1,1,1,1,1,1,1,ITEM_NONE,ITEM_NONE,ABILITY_NONE,ABILITY_NONE
265,OLD_UNOWN_O,TYPE_NORMAL,TYPE_NORMAL,1,1,1,1,1,1,1,1,ITEM_NONE,ITEM_NONE,ABILITY_NONE,ABILITY_NONE
266,OLD_UNOWN_P,TYPE_NORMAL,TYPE_NORMAL,1,1,1,1,1,1,1,1,ITEM_NONE,ITEM_NONE,ABILITY_NONE,ABILITY_NONE
267,OLD_UNOWN_Q,TYPE_NORMAL,TYPE_NORMAL,1,1,1,1,1,1,1,1,ITEM_NONE,ITEM_NONE,ABILITY_NONE,ABILITY_NONE
268,OLD_UNOWN_R,TYPE_NORMAL,TYPE_NORMAL,1,1,1,1,1,1,1,1,ITEM_NONE,ITEM_NONE,ABILITY_NONE,ABILITY_NONE
269,OLD_UNOWN_S,TYPE_NORMAL,TYPE_NORMAL,1,1,1,1,1,1,1,1,ITEM_NONE,ITEM_NONE,ABILITY_NONE,ABILITY_NONE
270,OLD_UNOWN_T,TYPE_NORMAL,TYPE_NORMAL,1,1,1,1,1,1,1,1,ITEM_NONE,ITEM_NONE,ABILITY_NONE,ABILITY_NONE
271,OLD_UNOWN_U,TYPE_NORMAL,TYPE_NORMAL,1,1,1,1,1,1,1,1,ITEM_NONE,ITEM_NONE,ABILITY_NONE,ABILITY_NONE
272,OLD_UNOWN_V,TYPE_NORMAL,TYPE_NORMAL,1,1,1,1,1,1,1,1,ITEM_NONE,ITEM_NONE,ABILITY_NONE,ABILITY_NONE
273,OLD_UNOWN_W,TYPE_NORMAL,TYPE_NORMAL,1,1,1,1,1,1,1,1,ITEM_NONE,ITEM_NONE,ABILITY_NONE,ABILITY_NONE
274,OLD_UNOWN_X,TYPE_NORMAL,TYPE_NORMAL,1,1,1,1,1,1,1,1,ITEM_NONE,ITEM_NONE,ABILITY_NONE,ABILITY_NONE
275,OLD_UNOWN_Y,TYPE_NORMAL,TYPE_NORMAL,1,1,1,1,1,1,1,1,ITEM_NONE,ITEM_NONE,ABILITY_NONE,ABILITY_NONE
276,OLD_UNOWN_Z,TYPE_NORMAL,TYPE_NORMAL,1,1,1,1,1,1,1,1,ITEM_NONE,ITEM_NONE,ABILITY_NONE,ABILITY_NONE
277,TREECKO,TYPE_GRASS,TYPE_WATER,100,100,100,100,100,100,225,225,ITEM_NONE,ITEM_NONE,ABILITY_NONE,ABILITY_NONE
278,GROVYLE,TYPE_WATER,TYPE_WATER,10,10,10,10,10,10,225,225,ITEM_NONE,ITEM_NONE,ABILITY_NONE,ABILITY_NONE
279,SCEPTILE,TYPE_WATER,TYPE_WATER,10,10,10,10,10,10,225,225,ITEM_NONE,ITEM_NONE,ABILITY_NONE,ABILITY_NONE
280,TORCHIC,TYPE_WATER,TYPE_WATER,10,10,10,10,10,10,225,225,ITEM_NONE,ITEM_NONE,ABILITY_NONE,ABILITY_NONE
281,COMBUSKEN,TYPE_WATER,TYPE_WATER,10,10,10,10,10,10,225,225,ITEM_NONE,ITEM_NONE,ABILITY_NONE,ABILITY_NONE
282,BLAZIKEN,TYPE_WATER,TYPE_WATER,10,10,10,10,10,10,225,225,ITEM_NONE,ITEM_NONE,ABILITY_NONE,ABILITY_NONE
283,MUDKIP,TYPE_WATER,TYPE_WATER,10,10,10,10,10,10,225,225,ITEM_NONE,ITEM_NONE,ABILITY_NONE,ABILITY_NONE
284,MARSHTOMP,TYPE_WATER,TYPE_WATER,10,10,10,10,10,10,225,225,ITEM_NONE,ITEM_NONE,ABILITY_NONE,ABILITY_NONE
285,SWAMPERT,TYPE_WATER,TYPE_WATER,10,10,10,10,10,10,225,225,ITEM_NONE,ITEM_NONE,ABILITY_NONE,ABILITY_NONE
286,POOCHYENA,TYPE_WATER,TYPE_WATER,10,10,10,10,10,10,225,225,ITEM_NONE,ITEM_NONE,ABILITY_NONE,ABILITY_NONE
287,MIGHTYENA,TYPE_WATER,TYPE_WATER,10,10,10,10,10,10,225,225,ITEM_NONE,ITEM_NONE,ABILITY_NONE,ABILITY_NONE
288,ZIGZAGOON,TYPE_WATER,TYPE_WATER,10,10,10,10,10,10,225,225,ITEM_NONE,ITEM_NONE,ABILITY_NONE,ABILITY_NONE
289,LINOONE,TYPE_WATER,TYPE_WATER,10,10,10,10,10,10,225,225,ITEM_NONE,ITEM_NONE,ABILITY_NONE,ABILITY_NONE
290,WURMPLE,TYPE_WATER,TYPE_WATER,10,10,10,10,10,10,225,225,ITEM_NONE,ITEM_NONE,ABILITY_NONE,ABILITY_NONE
291,SILCOON,TYPE_WATER,TYPE_WATER,10,10,10,10,10,10,225,225,ITEM_NONE,ITEM_NONE,ABILITY_NONE,ABILITY_NONE
292,BEAUTIFLY,TYPE_WATER,TYPE_WATER,10,10,10,10,10,10,225,225,ITEM_NONE,ITEM_NONE,ABILITY_NONE,ABILITY_NONE
293,CASCOON,TYPE_WATER,TYPE_WATER,10,10,10,10,10,10,225,225,ITEM_NONE,ITEM_NONE,ABILITY_NONE,ABILITY_NONE
294,DUSTOX,TYPE_WATER,TYPE_WATER,10,10,10,10,10,10,225,225,ITEM_NONE,ITEM_NONE,ABILITY_NONE,ABILITY_NONE
295,LOTAD,TYPE_WATER,TYPE_WATER,10,10,10,10,10,10,225,225,ITEM_NONE,ITEM_NONE,ABILITY_NONE,ABILITY_NONE
296,LOMBRE,TYPE_WATER,TYPE_WATER,10,10,10,10,10,10,225,225,ITEM_NONE,ITEM_NONE,ABILITY_NONE,ABILITY_NONE
297,LUDICOLO,TYPE_WATER,TYPE_WATER,10,10,10,10,10,10,225,225,ITEM_NONE,ITEM_NONE,ABILITY_NONE,ABILITY_NONE
298,SEEDOT,TYPE_WATER,TYPE_WATER,10,10,10,10,10,10,225,225,ITEM_NONE,ITEM_NONE,ABILITY_NONE,ABILITY_NONE
299,NUZLEAF,TYPE_WATER,TYPE_WATER,10,10,10,10,10,10,225,225,ITEM_NONE,ITEM_NONE,ABILITY_NONE,ABILITY_NONE
300,SHIFTRY,TYPE_WATER,TYPE_WATER,10,10,10,10,10,10,225,225,ITEM_NONE,ITEM_NONE,ABILITY_NONE,ABILITY_NONE
301,NINCADA,TYPE_WATER,TYPE_WATER,10,10,10,10,10,10,225,225,ITEM_NONE,ITEM_NONE,ABILITY_NONE,ABILITY_NONE
302,NINJASK,TYPE_WATER,TYPE_WATER,10,10,10,10,10,10,225,225,ITEM_NONE,ITEM_NONE,ABILITY_NONE,ABILITY_NONE
303,SHEDINJA,TYPE_WATER,TYPE_WATER,10,10,10,10,10,10,225,225,ITEM_NONE,ITEM_NONE,ABILITY_NONE,ABILITY_NONE
304,TAILLOW,TYPE_WATER,TYPE_WATER,10,10,10,10,10,10,225,225,ITEM_NONE,ITEM_NONE,ABILITY_NONE,ABILITY_NONE
305,SWELLOW,TYPE_WATER,TYPE_WATER,10,10,10,10,10,10,225,225,ITEM_NONE,ITEM_NONE,ABILITY_NONE,ABILITY_NONE
306,SHROOMISH,TYPE_WATER,TYPE_WATER,10,10,10,10,10,10,225,225,ITEM_NONE,ITEM_NONE,ABILITY_NONE,ABILITY_NONE
307,BRELOOM,TYPE_WATER,TYPE_WATER,10,10,10,10,10,10,225,225,ITEM_NONE,ITEM_NONE,ABILITY_NONE,ABILITY_NONE
308,SPINDA,TYPE_WATER,TYPE_WATER,10,10,10,10,10,10,225,225,ITEM_NONE,ITEM_NONE,ABILITY_NONE,ABILITY_NONE
309,WINGULL,TYPE_WATER,TYPE_WATER,10,10,10,10,10,10,225,225,ITEM_NONE,ITEM_NONE,ABILITY_NONE,ABILITY_NONE
310,PELIPPER,TYPE_WATER,TYPE_WATER,10,10,10,10,10,10,225,225,ITEM_NONE,ITEM_NONE,ABILITY_NONE,ABILITY_NONE
311,SURSKIT,TYPE_WATER,TYPE_WATER,10,10,10,10,10,10,225,225,ITEM_NONE,ITEM_NONE,ABILITY_NONE,ABILITY_NONE
312,MASQUERAIN,TYPE_WATER,TYPE_WATER,10,10,10,10,10,10,225,225,ITEM_NONE,ITEM_NONE,ABILITY_NONE,ABILITY_NONE
313,WAILMER,TYPE_WATER,TYPE_WATER,10,10,10,10,10,10,225,225,ITEM_NONE,ITEM_NONE,ABILITY_NONE,ABILITY_NONE
314,WAILORD,TYPE_WATER,TYPE_WATER,10,10,10,10,10,10,225,225,ITEM_NONE,ITEM_NONE,ABILITY_NONE,ABILITY_NONE
315,SKITTY,TYPE_WATER,TYPE_WATER,10,10,10,10,10,10,225,225,ITEM_NONE,ITEM_NONE,ABILITY_NONE,ABILITY_NONE
316,DELCATTY,TYPE_WATER,TYPE_WATER,10,10,10,10,10,10,225,225,ITEM_NONE,ITEM_NONE,ABILITY_NONE,ABILITY_NONE
317,KECLEON,TYPE_WATER,TYPE_WATER,10,10,10,10,10,10,225,225,ITEM_NONE,ITEM_NONE,ABILITY_NONE,ABILITY_NONE
318,BALTOY,TYPE_WATER,TYPE_WATER,10,10,10,10,10,10,225,225,ITEM_NONE,ITEM_NONE,ABILITY_NONE,ABILITY_NONE
319,CLAYDOL,TYPE_WATER,TYPE_WATER,10,10,10,10,10,10,225,225,ITEM_NONE,ITEM_NONE,ABILITY_NONE,ABILITY_NONE
320,NOSEPASS,TYPE_WATER,TYPE_WATER,10,10,10,10,10,10,225,225,ITEM_NONE,ITEM_NONE,ABILITY_NONE,ABILITY_NONE
321,TORKOAL,TYPE_WATER,TYPE_WATER,10,10,10,10,10,10,225,225,ITEM_NONE,ITEM_NONE,ABILITY_NONE,ABILITY_NONE
322,SABLEYE,TYPE_WATER,TYPE_WATER,10,10,10,10,10,10,225,225,ITEM_NONE,ITEM_NONE,ABILITY_NONE,ABILITY_NONE
323,BARBOACH,TYPE_WATER,TYPE_WATER,10,10,10,10,10,10,225,225,ITEM_NONE,ITEM_NONE,ABILITY_NONE,ABILITY_NONE
324,WHISCASH,TYPE_WATER,TYPE_WATER,10,10,10,10,10,10,225,225,ITEM_NONE,ITEM_NONE,ABILITY_NONE,ABILITY_NONE
325,LUVDISC,TYPE_WATER,TYPE_WATER,10,10,10,10,10,10,225,225,ITEM_NONE,ITEM_NONE,ABILITY_NONE,ABILITY_NONE
326,CORPHISH,TYPE_WATER,TYPE_WATER,10,10,10,10,10,10,225,225,ITEM_NONE,ITEM_NONE,ABILITY_NONE,ABILITY_NONE
327,CRAWDAUNT,TYPE_WATER,TYPE_WATER,10,10,10,10,10,10,225,225,ITEM_NONE,ITEM_NONE,ABILITY_NONE,ABILITY_NONE
328,FEEBAS,TYPE_WATER,TYPE_WATER,10,10,10,10,10,10,225,225,ITEM_NONE,ITEM_NONE,ABILITY_NONE,ABILITY_NONE
329,MILOTIC,TYPE_WATER,TYPE_WATER,10,10,10,10,10,10,225,225,ITEM_NONE,ITEM_NONE,ABILITY_NONE,ABILITY_NONE
330,CARVANHA,TYPE_WATER,TYPE_WATER,10,10,10,10,10,10,225,225,ITEM_NONE,ITEM_NONE,ABILITY_NONE,ABILITY_NONE
331,SHARPEDO,TYPE_WATER,TYPE_WATER,10,10,10,10,10,10,225,225,ITEM_NONE,ITEM_NONE,ABILITY_NONE,ABILITY_NONE
332,TRAPINCH,TYPE_WATER,TYPE_WATER,10,10,10,10,10,10,225,225,ITEM_NONE,ITEM_NONE,ABILITY_NONE,ABILITY_NONE
333,VIBRAVA,TYPE_WATER,TYPE_WATER,10,10,10,10,10,10,225,225,ITEM_NONE,ITEM_NONE,ABILITY_NONE,ABILITY_NONE
334,FLYGON,TYPE_WATER,TYPE_WATER,10,10,10,10,10,10,225,225,ITEM_NONE,ITEM_NONE,ABILITY_NONE,ABILITY_NONE
335,MAKUHITA,TYPE_WATER,TYPE_WATER,10,10,10,10,10,10,225,225,ITEM_NONE,ITEM_NONE,ABILITY_NONE,ABILITY_NONE
336,HARIYAMA,TYPE_WATER,TYPE_WATER,10,10,10,10,10,10,225,225,ITEM_NONE,ITEM_NONE,ABILITY_NONE,ABILITY_NONE
337,ELECTRIKE,TYPE_WATER,TYPE_WATER,10,10,10,10,10,10,225,225,ITEM_NONE,ITEM_NONE,ABILITY_NONE,ABILITY_NONE
338,MANECTRIC,TYPE_WATER,TYPE_WATER,10,10,10,10,10,10,225,225,ITEM_NONE,ITEM_NONE,ABILITY_NONE,ABILITY_NONE
339,NUMEL,TYPE_WATER,TYPE_WATER,10,10,10,10,10,10,225,225,ITEM_NONE,ITEM_NONE,ABILITY_NONE,ABILITY_NONE
340,CAMERUPT,TYPE_WATER,TYPE_WATER,10,10,10,10,10,10,225,225,ITEM_NONE,ITEM_NONE,ABILITY_NONE,ABILITY_NONE
341,SPHEAL,TYPE_WATER,TYPE_WATER,10,10,10,10,10,10,225,225,ITEM_NONE,ITEM_NONE,ABILITY_NONE,ABILITY_NONE
342,SEALEO,TYPE_WATER,TYPE_WATER,10,10,10,10,10,10,225,225,ITEM_NONE,ITEM_NONE,ABILITY_NONE,ABILITY_NONE
343,WALREIN,TYPE_WATER,TYPE_WATER,10,10,10,10,10,10,225,225,ITEM_NONE,ITEM_NONE,ABILITY_NONE,ABILITY_NONE
344,CACNEA,TYPE_WATER,TYPE_WATER,10,10,10,10,10,10,225,225,ITEM_NONE,ITEM_NONE,ABILITY_NONE,ABILITY_NONE
345,CACTURNE,TYPE_WATER,TYPE_WATER,10,10,10,10,10,10,225,225,ITEM_NONE,ITEM_NONE,ABILITY_NONE,ABILITY_NONE
346,SNORUNT,TYPE_WATER,TYPE_WATER,10,10,10,10,10,10,225,225,ITEM_NONE,ITEM_NONE,ABILITY_NONE,ABILITY_NONE
347,GLALIE,TYPE_WATER,TYPE_WATER,10,10,10,10,10,10,225,225,ITEM_NONE,ITEM_NONE,ABILITY_NONE,ABILITY_NONE
348,LUNATONE,TYPE_WATER,TYPE_WATER,10,10,10,10,10,10,225,225,ITEM_NONE,ITEM_NONE,ABILITY_NONE,ABILITY_NONE
349,SOLROCK,TYPE_WATER,TYPE_WATER,10,10,10,10,10,10,225,225,ITEM_NONE,ITEM_NONE,ABILITY_NONE,ABILITY_NONE
350,AZURILL,TYPE_WATER,TYPE_WATER,10,10,10,10,10,10,225,225,ITEM_NONE,ITEM_NONE,ABILITY_NONE,ABILITY_NONE
351,SPOINK,TYPE_WATER,TYPE_WATER,10,10,10,10,10,10,225,225,ITEM_NONE,ITEM_NONE,ABILITY_NONE,ABILITY_NONE
352,GRUMPIG,TYPE_WATER,TYPE_WATER,10,10,10,10,10,10,225,225,ITEM_NONE,ITEM_NONE,ABILITY_NONE,ABILITY_NONE
353,PLUSLE,TYPE_WATER,TYPE_WATER,10,10,10,10,10,10,225,225,ITEM_NONE,ITEM_NONE,ABILITY_NONE,ABILITY_NONE
354,MINUN,TYPE_WATER,TYPE_WATER,10,10,10,10,10,10,225,225,ITEM_NONE,ITEM_NONE,ABILITY_NONE,ABILITY_NONE
355,MAWILE,TYPE_WATER,TYPE_WATER,10,10,10,10,10,10,225,225,ITEM_NONE,ITEM_NONE,ABILITY_NONE,ABILITY_NONE
356,MEDITITE,TYPE_WATER,TYPE_WATER,10,10,10,10,10,10,225,225,ITEM_NONE,ITEM_NONE,ABILITY_NONE,ABILITY_NONE
357,MEDICHAM,TYPE_WATER,TYPE_WATER,10,10,10,10,10,10,225,225,ITEM_NONE,ITEM_NONE,ABILITY_NONE,ABILITY_NONE
358,SWABLU,TYPE_WATER,TYPE_WATER,10,10,10,10,10,10,225,225,ITEM_NONE,ITEM_NONE,ABILITY_NONE,ABILITY_NONE
359,ALTARIA,TYPE_WATER,TYPE_WATER,10,10,10,10,10,10,225,225,ITEM_NONE,ITEM_NONE,ABILITY_NONE,ABILITY_NONE
360,WYNAUT,TYPE_WATER,TYPE_WATER,10,10,10,10,10,10,225,225,ITEM_NONE,ITEM_NONE,ABILITY_NONE,ABILITY_NONE
361,DUSKULL,TYPE_WATER,TYPE_WATER,10,10,10,10,10,10,225,225,ITEM_NONE,ITEM_NONE,ABILITY_NONE,ABILITY_NONE
362,DUSCLOPS,TYPE_WATER,TYPE_WATER,10,10,10,10,10,10,225,225,ITEM_NONE,ITEM_NONE,ABILITY_NONE,ABILITY_NONE
363,ROSELIA,TYPE_WATER,TYPE_WATER,10,10,10,10,10,10,225,225,ITEM_NONE,ITEM_NONE,ABILITY_NONE,ABILITY_NONE
364,SLAKOTH,TYPE_WATER,TYPE_WATER,10,10,10,10,10,10,225,225,ITEM_NONE,ITEM_NONE,ABILITY_NONE,ABILITY_NONE
365,VIGOROTH,TYPE_WATER,TYPE_WATER,10,10,10,10,10,10,225,225,ITEM_NONE,ITEM_NONE,ABILITY_NONE,ABILITY_NONE
366,SLAKING,TYPE_WATER,TYPE_WATER,10,10,10,10,10,10,225,225,ITEM_NONE,ITEM_NONE,ABILITY_NONE,ABILITY_NONE
367,GULPIN,TYPE_WATER,TYPE_WATER,10,10,10,10,10,10,225,225,ITEM_NONE,ITEM_NONE,ABILITY_NONE,ABILITY_NONE
368,SWALOT,TYPE_WATER,TYPE_WATER,10,10,10,10,10,10,225,225,ITEM_NONE,ITEM_NONE,ABILITY_NONE,ABILITY_NONE
369,TROPIUS,TYPE_WATER,TYPE_WATER,10,10,10,10,10,10,225,225,ITEM_NONE,ITEM_NONE,ABILITY_NONE,ABILITY_NONE
370,WHISMUR,TYPE_WATER,TYPE_WATER,10,10,10,10,10,10,225,225,ITEM_NONE,ITEM_NONE,ABILITY_NONE,ABILITY_NONE
371,LOUDRED,TYPE_WATER,TYPE_WATER,10,10,10,10,10,10,225,225,ITEM_NONE,ITEM_NONE,ABILITY_NONE,ABILITY_NONE
372,EXPLOUD,TYPE_WATER,TYPE_WATER,10,10,10,10,10,10,225,225,ITEM_NONE,ITEM_NONE,ABILITY_NONE,ABILITY_NONE
373,CLAMPERL,TYPE_WATER,TYPE_WATER,10,10,10,10,10,10,225,225,ITEM_NONE,ITEM_NONE,ABILITY_NONE,ABILITY_NONE
374,HUNTAIL,TYPE_WATER,TYPE_WATER,10,10,10,10,10,10,225,225,ITEM_NONE,ITEM_NONE,ABILITY_NONE,ABILITY_NONE
375,GOREBYSS,TYPE_WATER,TYPE_WATER,10,10,10,10,10,10,225,225,ITEM_NONE,ITEM_NONE,ABILITY_NONE,ABILITY_NONE
376,ABSOL,TYPE_WATER,TYPE_WATER,10,10,10,10,10,10,225,225,ITEM_NONE,ITEM_NONE,ABILITY_NONE,ABILITY_NONE
377,SHUPPET,TYPE_WATER,TYPE_WATER,10,10,10,10,10,10,225,225,ITEM_NONE,ITEM_NONE,ABILITY_NONE,ABILITY_NONE
378,BANETTE,TYPE_WATER,TYPE_WATER,10,10,10,10,10,10,225,225,ITEM_NONE,ITEM_NONE,ABILITY_NONE,ABILITY_NONE
379,SEVIPER,TYPE_WATER,TYPE_WATER,10,10,10,10,10,10,225,225,ITEM_NONE,ITEM_NONE,ABILITY_NONE,ABILITY_NONE
380,ZANGOOSE,TYPE_WATER,TYPE_WATER,10,10,10,10,10,10,225,225,ITEM_NONE,ITEM_NONE,ABILITY_NONE,ABILITY_NONE
381,RELICANTH,TYPE_WATER,TYPE_WATER,10,10,10,10,10,10,225,225,ITEM_NONE,ITEM_NONE,ABILITY_NONE,ABILITY_NONE
382,ARON,TYPE_WATER,TYPE_WATER,10,10,10,10,10,10,225,225,ITEM_NONE,ITEM_NONE,ABILITY_NONE,ABILITY_NONE
383,LAIRON,TYPE_WATER,TYPE_WATER,10,10,10,10,10,10,225,225,ITEM_NONE,ITEM_NONE,ABILITY_NONE,ABILITY_NONE
384,AGGRON,TYPE_WATER,TYPE_WATER,10,10,10,10,10,10,225,225,ITEM_NONE,ITEM_NONE,ABILITY_NONE,ABILITY_NONE
385,CASTFORM,TYPE_WATER,TYPE_WATER,10,10,10,10,10,10,225,225,ITEM_NONE,ITEM_NONE,ABILITY_NONE,ABILITY_NONE
386,VOLBEAT,TYPE_WATER,TYPE_WATER,10,10,10,10,10,10,225,225,ITEM_NONE,ITEM_NONE,ABILITY_NONE,ABILITY_NONE
387,ILLUMISE,TYPE_WATER,TYPE_WATER,10,10,10,10,10,10,225,225,ITEM_NONE,ITEM_NONE,ABILITY_NONE,ABILITY_NONE
388,LILEEP,TYPE_WATER,TYPE_WATER,10,10,10,10,10,10,225,225,ITEM_NONE,ITEM_NONE,ABILITY_NONE,ABILITY_NONE
389,CRADILY,TYPE_WATER,TYPE_WATER,10,10,10,10,10,10,225,225,ITEM_NONE,ITEM_NONE,ABILITY_NONE,ABILITY_NONE
390,ANORITH,TYPE_WATER,TYPE_WATER,10,10,10,10,10,10,225,225,ITEM_NONE,ITEM_NONE,ABILITY_NONE,ABILITY_NONE
391,ARMALDO,TYPE_WATER,TYPE_WATER,10,10,10,10,10,10,225,225,ITEM_NONE,ITEM_NONE,ABILITY_NONE,ABILITY_NONE
392,RALTS,TYPE_WATER,TYPE_WATER,10,10,10,10,10,10,225,225,ITEM_NONE,ITEM_NONE,ABILITY_NONE,ABILITY_NONE
393,KIRLIA,TYPE_WATER,TYPE_WATER,10,10,10,10,10,10,225,225,ITEM_NONE,ITEM_NONE,ABILITY_NONE,ABILITY_NONE
394,GARDEVOIR,TYPE_WATER,TYPE_WATER,10,10,10,10,10,10,225,225,ITEM_NONE,ITEM_NONE,ABILITY_NONE,ABILITY_NONE
395,BAGON,TYPE_WATER,TYPE_WATER,10,10,10,10,10,10,225,225,ITEM_NONE,ITEM_NONE,ABILITY_NONE,ABILITY_NONE
396,SHELGON,TYPE_WATER,TYPE_WATER,10,10,10,10,10,10,225,225,ITEM_NONE,ITEM_NONE,ABILITY_NONE,ABILITY_NONE
397,SALAMENCE,TYPE_WATER,TYPE_WATER,10,10,10,10,10,10,225,225,ITEM_NONE,ITEM_NONE,ABILITY_NONE,ABILITY_NONE
398,BELDUM,TYPE_WATER,TYPE_WATER,10,10,10,10,10,10,225,225,ITEM_NONE,ITEM_NONE,ABILITY_NONE,ABILITY_NONE
399,METANG,TYPE_WATER,TYPE_WATER,10,10,10,10,10,10,225,225,ITEM_NONE,ITEM_NONE,ABILITY_NONE,ABILITY_NONE
400,METAGROSS,TYPE_WATER,TYPE_WATER,10,10,10,10,10,10,225,225,ITEM_NONE,ITEM_NONE,ABILITY_NONE,ABILITY_NONE
401,REGIROCK,TYPE_WATER,TYPE_WATER,10,10,10,10,10,10,225,225,ITEM_NONE,ITEM_NONE,ABILITY_NONE,ABILITY_NONE
402,REGICE,TYPE_WATER,TYPE_WATER,10,10,10,10,10,10,225,225,ITEM_NONE,ITEM_NONE,ABILITY_NONE,ABILITY_NONE
403,REGISTEEL,TYPE_WATER,TYPE_WATER,10,10,10,10,10,10,225,225,ITEM_NONE,ITEM_NONE,ABILITY_NONE,ABILITY_NONE
404,KYOGRE,TYPE_WATER,TYPE_WATER,10,10,10,10,10,10,225,225,ITEM_NONE,ITEM_NONE,ABILITY_NONE,ABILITY_NONE
405,GROUDON,TYPE_WATER,TYPE_WATER,10,10,10,10,10,10,225,225,ITEM_NONE,ITEM_NONE,ABILITY_NONE,ABILITY_NONE
406,RAYQUAZA,TYPE_WATER,TYPE_WATER,10,10,10,10,10,10,225,225,ITEM_NONE,ITEM_NONE,ABILITY_NONE,ABILITY_NONE
407,LATIAS,TYPE_WATER,TYPE_WATER,10,10,10,10,10,10,225,225,ITEM_NONE,ITEM_NONE,ABILITY_NONE,ABILITY_NONE
408,LATIOS,TYPE_WATER,TYPE_WATER,10,10,10,10,10,10,225,225,ITEM_NONE,ITEM_NONE,ABILITY_NONE,ABILITY_NONE
409,JIRACHI,TYPE_WATER,TYPE_WATER,10,10,10,10,10,10,225,225,ITEM_NONE,ITEM_NONE,ABILITY_NONE,ABILITY_NONE
410,DEOXYS,TYPE_WATER,TYPE_WATER,10,10,10,10,10,10,225,225,ITEM_NONE,ITEM_NONE,ABILITY_NONE,ABILITY_NONE
411,CHIMECHO,TYPE_WATER,TYPE_WATER,10,10,10,10,10,10,225,225,ITEM_NONE,ITEM_NONE,ABILITY_NONE,ABILITY_NONE